   0.00000,       -nan 
   1.00000,       -nan 
   2.00000,       -nan 
   3.00000,       -nan 
   4.00000,       -nan 
   5.00000,       -nan 
   6.00000,       -nan 
   7.00000,       -nan 
   8.00000,       -nan 
   9.00000,       -nan 
  10.00000,       -nan 
  11.00000,       -nan 
  12.00000,       -nan 
  13.00000,       -nan 
  14.00000,       -nan 
  15.00000,       -nan 
  16.00000,       -nan 
  17.00000,       -nan 
  18.00000,       -nan 
  19.00000,       -nan 
  20.00000,       -nan 
  21.00000,       -nan 
  22.00000,       -nan 
  23.00000,       -nan 
  24.00000,       -nan 
  25.00000,       -nan 
  26.00000,       -nan 
  27.00000,       -nan 
  28.00000,       -nan 
  29.00000,       -nan 
  30.00000,       -nan 
  31.00000,       -nan 
  32.00000,       -nan 
  33.00000,       -nan 
  34.00000,       -nan 
  35.00000,       -nan 
  36.00000,       -nan 
  37.00000,       -nan 
  38.00000,       -nan 
  39.00000,       -nan 
  40.00000,       -nan 
  41.00000,       -nan 
  42.00000,       -nan 
  43.00000,       -nan 
  44.00000,       -nan 
  45.00000,       -nan 
  46.00000,       -nan 
  47.00000,       -nan 
  48.00000,       -nan 
  49.00000,       -nan 
  50.00000,       -nan 
  51.00000,       -nan 
  52.00000,       -nan 
  53.00000,       -nan 
  54.00000,       -nan 
  55.00000,       -nan 
  56.00000,       -nan 
  57.00000,       -nan 
  58.00000,       -nan 
  59.00000,       -nan 
  60.00000,       -nan 
  61.00000,       -nan 
  62.00000,       -nan 
  63.00000,       -nan 
  64.00000,       -nan 
  65.00000,       -nan 
  66.00000,       -nan 
  67.00000,       -nan 
  68.00000,       -nan 
  69.00000,       -nan 
  70.00000,       -nan 
  71.00000,       -nan 
  72.00000,       -nan 
  73.00000,       -nan 
  74.00000,       -nan 
  75.00000,       -nan 
  76.00000,       -nan 
  77.00000,       -nan 
  78.00000,       -nan 
  79.00000,       -nan 
  80.00000,       -nan 
  81.00000,       -nan 
  82.00000,       -nan 
  83.00000,       -nan 
  84.00000,       -nan 
  85.00000,       -nan 
  86.00000,       -nan 
  87.00000,       -nan 
  88.00000,       -nan 
  89.00000,       -nan 
  90.00000,       -nan 
  91.00000,       -nan 
  92.00000,       -nan 
  93.00000,       -nan 
  94.00000,       -nan 
  95.00000,       -nan 
  96.00000,       -nan 
  97.00000,       -nan 
  98.00000,       -nan 
  99.00000,       -nan 
 100.00000,       -nan 
 101.00000,       -nan 
 102.00000,       -nan 
 103.00000,       -nan 
 104.00000,       -nan 
 105.00000,       -nan 
 106.00000,       -nan 
 107.00000,       -nan 
 108.00000,       -nan 
 109.00000,       -nan 
 110.00000,       -nan 
 111.00000,       -nan 
 112.00000,       -nan 
 113.00000,       -nan 
 114.00000,       -nan 
 115.00000,       -nan 
 116.00000,       -nan 
 117.00000,       -nan 
 118.00000,       -nan 
 119.00000,       -nan 
 120.00000,       -nan 
 121.00000,       -nan 
 122.00000,       -nan 
 123.00000,       -nan 
 124.00000,       -nan 
 125.00000,       -nan 
 126.00000,       -nan 
 127.00000,       -nan 
 128.00000,       -nan 
 129.00000,       -nan 
 130.00000,       -nan 
 131.00000,       -nan 
 132.00000,       -nan 
 133.00000,       -nan 
 134.00000,       -nan 
 135.00000,       -nan 
 136.00000,       -nan 
 137.00000,       -nan 
 138.00000,       -nan 
 139.00000,       -nan 
 140.00000,       -nan 
 141.00000,       -nan 
 142.00000,       -nan 
 143.00000,       -nan 
 144.00000,       -nan 
 145.00000,       -nan 
 146.00000,       -nan 
 147.00000,       -nan 
 148.00000,       -nan 
 149.00000,       -nan 
 150.00000,       -nan 
 151.00000,       -nan 
 152.00000,       -nan 
 153.00000,       -nan 
 154.00000,       -nan 
 155.00000,       -nan 
 156.00000,       -nan 
 157.00000,       -nan 
 158.00000,       -nan 
 159.00000,       -nan 
 160.00000,       -nan 
 161.00000,       -nan 
 162.00000,       -nan 
 163.00000,       -nan 
 164.00000,       -nan 
 165.00000,       -nan 
 166.00000,       -nan 
 167.00000,       -nan 
 168.00000,       -nan 
 169.00000,       -nan 
 170.00000,       -nan 
 171.00000,       -nan 
 172.00000,       -nan 
 173.00000,       -nan 
 174.00000,       -nan 
 175.00000,       -nan 
 176.00000,       -nan 
 177.00000,       -nan 
 178.00000,       -nan 
 179.00000,       -nan 
 180.00000,       -nan 
 181.00000,       -nan 
 182.00000,       -nan 
 183.00000,       -nan 
 184.00000,       -nan 
 185.00000,       -nan 
 186.00000,       -nan 
 187.00000,       -nan 
 188.00000,       -nan 
 189.00000,       -nan 
 190.00000,       -nan 
 191.00000,       -nan 
 192.00000,       -nan 
 193.00000,       -nan 
 194.00000,       -nan 
 195.00000,       -nan 
 196.00000,       -nan 
 197.00000,       -nan 
 198.00000,       -nan 
 199.00000,       -nan 
 200.00000,       -nan 
 201.00000,       -nan 
 202.00000,       -nan 
 203.00000,       -nan 
 204.00000,       -nan 
 205.00000,       -nan 
 206.00000,       -nan 
 207.00000,       -nan 
 208.00000,       -nan 
 209.00000,       -nan 
 210.00000,       -nan 
 211.00000,       -nan 
 212.00000,       -nan 
 213.00000,       -nan 
 214.00000,       -nan 
 215.00000,       -nan 
 216.00000,       -nan 
 217.00000,       -nan 
 218.00000,       -nan 
 219.00000,       -nan 
 220.00000,       -nan 
 221.00000,       -nan 
 222.00000,       -nan 
 223.00000,       -nan 
 224.00000,       -nan 
 225.00000,       -nan 
 226.00000,       -nan 
 227.00000,       -nan 
 228.00000,       -nan 
 229.00000,       -nan 
 230.00000,       -nan 
 231.00000,       -nan 
 232.00000,       -nan 
 233.00000,       -nan 
 234.00000,       -nan 
 235.00000,       -nan 
 236.00000,       -nan 
 237.00000,       -nan 
 238.00000,       -nan 
 239.00000,       -nan 
 240.00000,       -nan 
 241.00000,       -nan 
 242.00000,       -nan 
 243.00000,       -nan 
 244.00000,       -nan 
 245.00000,       -nan 
 246.00000,       -nan 
 247.00000,       -nan 
 248.00000,       -nan 
 249.00000,       -nan 
 250.00000,       -nan 
 251.00000,       -nan 
 252.00000,       -nan 
 253.00000,       -nan 
 254.00000,       -nan 
 255.00000,       -nan 
 256.00000,       -nan 
 257.00000,       -nan 
 258.00000,       -nan 
 259.00000,       -nan 
 260.00000,       -nan 
 261.00000,       -nan 
 262.00000,       -nan 
 263.00000,       -nan 
 264.00000,       -nan 
 265.00000,       -nan 
 266.00000,       -nan 
 267.00000,       -nan 
 268.00000,       -nan 
 269.00000,       -nan 
 270.00000,       -nan 
 271.00000,       -nan 
 272.00000,       -nan 
 273.00000,       -nan 
 274.00000,       -nan 
 275.00000,       -nan 
 276.00000,       -nan 
 277.00000,       -nan 
 278.00000,       -nan 
 279.00000,       -nan 
 280.00000,       -nan 
 281.00000,       -nan 
 282.00000,       -nan 
 283.00000,       -nan 
 284.00000,       -nan 
 285.00000,       -nan 
 286.00000,       -nan 
 287.00000,       -nan 
 288.00000,       -nan 
 289.00000,       -nan 
 290.00000,       -nan 
 291.00000,       -nan 
 292.00000,       -nan 
 293.00000,       -nan 
 294.00000,       -nan 
 295.00000,       -nan 
 296.00000,       -nan 
 297.00000,       -nan 
 298.00000,       -nan 
 299.00000,       -nan 
 300.00000,       -nan 
 301.00000,       -nan 
 302.00000,       -nan 
 303.00000,       -nan 
 304.00000,       -nan 
 305.00000,       -nan 
 306.00000,       -nan 
 307.00000,       -nan 
 308.00000,       -nan 
 309.00000,       -nan 
 310.00000,       -nan 
 311.00000,       -nan 
 312.00000,       -nan 
 313.00000,       -nan 
 314.00000,       -nan 
 315.00000,       -nan 
 316.00000,       -nan 
 317.00000,       -nan 
 318.00000,       -nan 
 319.00000,       -nan 
 320.00000,       -nan 
 321.00000,       -nan 
 322.00000,       -nan 
 323.00000,       -nan 
 324.00000,       -nan 
 325.00000,       -nan 
 326.00000,       -nan 
 327.00000,       -nan 
 328.00000,       -nan 
 329.00000,       -nan 
 330.00000,       -nan 
 331.00000,       -nan 
 332.00000,       -nan 
 333.00000,       -nan 
 334.00000,       -nan 
 335.00000,       -nan 
 336.00000,       -nan 
 337.00000,       -nan 
 338.00000,       -nan 
 339.00000,       -nan 
 340.00000,       -nan 
 341.00000,       -nan 
 342.00000,       -nan 
 343.00000,       -nan 
 344.00000,       -nan 
 345.00000,       -nan 
 346.00000,       -nan 
 347.00000,       -nan 
 348.00000,       -nan 
 349.00000,       -nan 
 350.00000,       -nan 
 351.00000,       -nan 
 352.00000,       -nan 
 353.00000,       -nan 
 354.00000,       -nan 
 355.00000,       -nan 
 356.00000,       -nan 
 357.00000,       -nan 
 358.00000,       -nan 
 359.00000,       -nan 
 360.00000,       -nan 
 361.00000,       -nan 
 362.00000,       -nan 
 363.00000,       -nan 
 364.00000,       -nan 
 365.00000,       -nan 
 366.00000,       -nan 
 367.00000,       -nan 
 368.00000,       -nan 
 369.00000,       -nan 
 370.00000,       -nan 
 371.00000,       -nan 
 372.00000,       -nan 
 373.00000,       -nan 
 374.00000,       -nan 
 375.00000,       -nan 
 376.00000,       -nan 
 377.00000,       -nan 
 378.00000,       -nan 
 379.00000,       -nan 
 380.00000,       -nan 
 381.00000,       -nan 
 382.00000,       -nan 
 383.00000,       -nan 
 384.00000,       -nan 
 385.00000,       -nan 
 386.00000,       -nan 
 387.00000,       -nan 
 388.00000,       -nan 
 389.00000,       -nan 
 390.00000,       -nan 
 391.00000,       -nan 
 392.00000,       -nan 
 393.00000,       -nan 
 394.00000,       -nan 
 395.00000,       -nan 
 396.00000,       -nan 
 397.00000,       -nan 
 398.00000,       -nan 
 399.00000,       -nan 
 400.00000,       -nan 
 401.00000,       -nan 
 402.00000,       -nan 
 403.00000,       -nan 
 404.00000,       -nan 
 405.00000,       -nan 
 406.00000,       -nan 
 407.00000,       -nan 
 408.00000,       -nan 
 409.00000,       -nan 
 410.00000,       -nan 
 411.00000,       -nan 
 412.00000,       -nan 
 413.00000,       -nan 
 414.00000,       -nan 
 415.00000,       -nan 
 416.00000,       -nan 
 417.00000,       -nan 
 418.00000,       -nan 
 419.00000,       -nan 
 420.00000,       -nan 
 421.00000,       -nan 
 422.00000,       -nan 
 423.00000,       -nan 
 424.00000,       -nan 
 425.00000,       -nan 
 426.00000,       -nan 
 427.00000,       -nan 
 428.00000,       -nan 
 429.00000,       -nan 
 430.00000,       -nan 
 431.00000,       -nan 
 432.00000,       -nan 
 433.00000,       -nan 
 434.00000,       -nan 
 435.00000,       -nan 
 436.00000,       -nan 
 437.00000,       -nan 
 438.00000,       -nan 
 439.00000,       -nan 
 440.00000,       -nan 
 441.00000,       -nan 
 442.00000,       -nan 
 443.00000,       -nan 
 444.00000,       -nan 
 445.00000,       -nan 
 446.00000,       -nan 
 447.00000,       -nan 
 448.00000,       -nan 
 449.00000,       -nan 
 450.00000,       -nan 
 451.00000,       -nan 
 452.00000,       -nan 
 453.00000,       -nan 
 454.00000,       -nan 
 455.00000,       -nan 
 456.00000,       -nan 
 457.00000,       -nan 
 458.00000,       -nan 
 459.00000,       -nan 
 460.00000,       -nan 
 461.00000,       -nan 
 462.00000,       -nan 
 463.00000,       -nan 
 464.00000,       -nan 
 465.00000,       -nan 
 466.00000,       -nan 
 467.00000,       -nan 
 468.00000,       -nan 
 469.00000,       -nan 
 470.00000,       -nan 
 471.00000,       -nan 
 472.00000,       -nan 
 473.00000,       -nan 
 474.00000,       -nan 
 475.00000,       -nan 
 476.00000,       -nan 
 477.00000,       -nan 
 478.00000,       -nan 
 479.00000,       -nan 
 480.00000,       -nan 
 481.00000,       -nan 
 482.00000,       -nan 
 483.00000,       -nan 
 484.00000,       -nan 
 485.00000,       -nan 
 486.00000,       -nan 
 487.00000,       -nan 
 488.00000,       -nan 
 489.00000,       -nan 
 490.00000,       -nan 
 491.00000,       -nan 
 492.00000,       -nan 
 493.00000,       -nan 
 494.00000,       -nan 
 495.00000,       -nan 
 496.00000,       -nan 
 497.00000,       -nan 
 498.00000,       -nan 
 499.00000,       -nan 
 500.00000,       -nan 
 501.00000,       -nan 
 502.00000,       -nan 
 503.00000,       -nan 
 504.00000,       -nan 
 505.00000,       -nan 
 506.00000,       -nan 
 507.00000,       -nan 
 508.00000,       -nan 
 509.00000,       -nan 
 510.00000,       -nan 
 511.00000,       -nan 
 512.00000,       -nan 
 513.00000,       -nan 
 514.00000,       -nan 
 515.00000,       -nan 
 516.00000,       -nan 
 517.00000,       -nan 
 518.00000,       -nan 
 519.00000,       -nan 
 520.00000,       -nan 
 521.00000,       -nan 
 522.00000,       -nan 
 523.00000,       -nan 
 524.00000,       -nan 
 525.00000,       -nan 
 526.00000,       -nan 
 527.00000,       -nan 
 528.00000,       -nan 
 529.00000,       -nan 
 530.00000,       -nan 
 531.00000,       -nan 
 532.00000,       -nan 
 533.00000,       -nan 
 534.00000,       -nan 
 535.00000,       -nan 
 536.00000,       -nan 
 537.00000,       -nan 
 538.00000,       -nan 
 539.00000,       -nan 
 540.00000,       -nan 
 541.00000,       -nan 
 542.00000,       -nan 
 543.00000,       -nan 
 544.00000,       -nan 
 545.00000,       -nan 
 546.00000,       -nan 
 547.00000,       -nan 
 548.00000,       -nan 
 549.00000,       -nan 
 550.00000,       -nan 
 551.00000,       -nan 
 552.00000,       -nan 
 553.00000,       -nan 
 554.00000,       -nan 
 555.00000,       -nan 
 556.00000,       -nan 
 557.00000,       -nan 
 558.00000,       -nan 
 559.00000,       -nan 
 560.00000,       -nan 
 561.00000,       -nan 
 562.00000,       -nan 
 563.00000,       -nan 
 564.00000,       -nan 
 565.00000,       -nan 
 566.00000,       -nan 
 567.00000,       -nan 
 568.00000,       -nan 
 569.00000,       -nan 
 570.00000,       -nan 
 571.00000,       -nan 
 572.00000,       -nan 
 573.00000,       -nan 
 574.00000,       -nan 
 575.00000,       -nan 
 576.00000,       -nan 
 577.00000,       -nan 
 578.00000,       -nan 
 579.00000,       -nan 
 580.00000,       -nan 
 581.00000,       -nan 
 582.00000,       -nan 
 583.00000,       -nan 
 584.00000,       -nan 
 585.00000,       -nan 
 586.00000,       -nan 
 587.00000,       -nan 
 588.00000,       -nan 
 589.00000,       -nan 
 590.00000,       -nan 
 591.00000,       -nan 
 592.00000,       -nan 
 593.00000,       -nan 
 594.00000,       -nan 
 595.00000,       -nan 
 596.00000,       -nan 
 597.00000,       -nan 
 598.00000,       -nan 
 599.00000,       -nan 
 600.00000,       -nan 
 601.00000,       -nan 
 602.00000,       -nan 
 603.00000,       -nan 
 604.00000,       -nan 
 605.00000,       -nan 
 606.00000,       -nan 
 607.00000,       -nan 
 608.00000,       -nan 
 609.00000,       -nan 
 610.00000,       -nan 
 611.00000,       -nan 
 612.00000,       -nan 
 613.00000,       -nan 
 614.00000,       -nan 
 615.00000,       -nan 
 616.00000,       -nan 
 617.00000,       -nan 
 618.00000,       -nan 
 619.00000,       -nan 
 620.00000,       -nan 
 621.00000,       -nan 
 622.00000,       -nan 
 623.00000,       -nan 
 624.00000,       -nan 
 625.00000,       -nan 
 626.00000,       -nan 
 627.00000,       -nan 
 628.00000,       -nan 
 629.00000,       -nan 
 630.00000,       -nan 
 631.00000,       -nan 
 632.00000,       -nan 
 633.00000,       -nan 
 634.00000,       -nan 
 635.00000,       -nan 
 636.00000,       -nan 
 637.00000,       -nan 
 638.00000,       -nan 
 639.00000,       -nan 
 640.00000,       -nan 
 641.00000,       -nan 
 642.00000,       -nan 
 643.00000,       -nan 
 644.00000,       -nan 
 645.00000,       -nan 
 646.00000,       -nan 
 647.00000,       -nan 
 648.00000,       -nan 
 649.00000,       -nan 
 650.00000,       -nan 
 651.00000,       -nan 
 652.00000,       -nan 
 653.00000,       -nan 
 654.00000,       -nan 
 655.00000,       -nan 
 656.00000,       -nan 
 657.00000,       -nan 
 658.00000,       -nan 
 659.00000,       -nan 
 660.00000,       -nan 
 661.00000,       -nan 
 662.00000,       -nan 
 663.00000,       -nan 
 664.00000,       -nan 
 665.00000,       -nan 
 666.00000,       -nan 
 667.00000,       -nan 
 668.00000,       -nan 
 669.00000,       -nan 
 670.00000,       -nan 
 671.00000,       -nan 
 672.00000,       -nan 
 673.00000,       -nan 
 674.00000,       -nan 
 675.00000,       -nan 
 676.00000,       -nan 
 677.00000,       -nan 
 678.00000,       -nan 
 679.00000,       -nan 
 680.00000,       -nan 
 681.00000,       -nan 
 682.00000,       -nan 
 683.00000,       -nan 
 684.00000,       -nan 
 685.00000,       -nan 
 686.00000,       -nan 
 687.00000,       -nan 
 688.00000,       -nan 
 689.00000,       -nan 
 690.00000,       -nan 
 691.00000,       -nan 
 692.00000,       -nan 
 693.00000,       -nan 
 694.00000,       -nan 
 695.00000,       -nan 
 696.00000,       -nan 
 697.00000,       -nan 
 698.00000,       -nan 
 699.00000,       -nan 
 700.00000,       -nan 
 701.00000,       -nan 
 702.00000,       -nan 
 703.00000,       -nan 
 704.00000,       -nan 
 705.00000,       -nan 
 706.00000,       -nan 
 707.00000,       -nan 
 708.00000,       -nan 
 709.00000,       -nan 
 710.00000,       -nan 
 711.00000,       -nan 
 712.00000,       -nan 
 713.00000,       -nan 
 714.00000,       -nan 
 715.00000,       -nan 
 716.00000,       -nan 
 717.00000,       -nan 
 718.00000,       -nan 
 719.00000,       -nan 
 720.00000,       -nan 
 721.00000,       -nan 
 722.00000,       -nan 
 723.00000,       -nan 
 724.00000,       -nan 
 725.00000,       -nan 
 726.00000,       -nan 
 727.00000,       -nan 
 728.00000,       -nan 
 729.00000,       -nan 
 730.00000,       -nan 
 731.00000,       -nan 
 732.00000,       -nan 
 733.00000,       -nan 
 734.00000,       -nan 
 735.00000,       -nan 
 736.00000,       -nan 
 737.00000,       -nan 
 738.00000,       -nan 
 739.00000,       -nan 
 740.00000,       -nan 
 741.00000,       -nan 
 742.00000,       -nan 
 743.00000,       -nan 
 744.00000,       -nan 
 745.00000,       -nan 
 746.00000,       -nan 
 747.00000,       -nan 
 748.00000,       -nan 
 749.00000,       -nan 
 750.00000,       -nan 
 751.00000,       -nan 
 752.00000,       -nan 
 753.00000,       -nan 
 754.00000,       -nan 
 755.00000,       -nan 
 756.00000,       -nan 
 757.00000,       -nan 
 758.00000,       -nan 
 759.00000,       -nan 
 760.00000,       -nan 
 761.00000,       -nan 
 762.00000,       -nan 
 763.00000,       -nan 
 764.00000,       -nan 
 765.00000,       -nan 
 766.00000,       -nan 
 767.00000,       -nan 
 768.00000,       -nan 
 769.00000,       -nan 
 770.00000,       -nan 
 771.00000,       -nan 
 772.00000,       -nan 
 773.00000,       -nan 
 774.00000,       -nan 
 775.00000,       -nan 
 776.00000,       -nan 
 777.00000,       -nan 
 778.00000,       -nan 
 779.00000,       -nan 
 780.00000,       -nan 
 781.00000,       -nan 
 782.00000,       -nan 
 783.00000,       -nan 
 784.00000,       -nan 
 785.00000,       -nan 
 786.00000,       -nan 
 787.00000,       -nan 
 788.00000,       -nan 
 789.00000,       -nan 
 790.00000,       -nan 
 791.00000,       -nan 
 792.00000,       -nan 
 793.00000,       -nan 
 794.00000,       -nan 
 795.00000,       -nan 
 796.00000,       -nan 
 797.00000,       -nan 
 798.00000,       -nan 
 799.00000,       -nan 
 800.00000,       -nan 
 801.00000,       -nan 
 802.00000,       -nan 
 803.00000,       -nan 
 804.00000,       -nan 
 805.00000,       -nan 
 806.00000,       -nan 
 807.00000,       -nan 
 808.00000,       -nan 
 809.00000,       -nan 
 810.00000,       -nan 
 811.00000,       -nan 
 812.00000,       -nan 
 813.00000,       -nan 
 814.00000,       -nan 
 815.00000,       -nan 
 816.00000,       -nan 
 817.00000,       -nan 
 818.00000,       -nan 
 819.00000,       -nan 
 820.00000,       -nan 
 821.00000,       -nan 
 822.00000,       -nan 
 823.00000,       -nan 
 824.00000,       -nan 
 825.00000,       -nan 
 826.00000,       -nan 
 827.00000,       -nan 
 828.00000,       -nan 
 829.00000,       -nan 
 830.00000,       -nan 
 831.00000,       -nan 
 832.00000,       -nan 
 833.00000,       -nan 
 834.00000,       -nan 
 835.00000,       -nan 
 836.00000,       -nan 
 837.00000,       -nan 
 838.00000,       -nan 
 839.00000,       -nan 
 840.00000,       -nan 
 841.00000,       -nan 
 842.00000,       -nan 
 843.00000,       -nan 
 844.00000,       -nan 
 845.00000,       -nan 
 846.00000,       -nan 
 847.00000,       -nan 
 848.00000,       -nan 
 849.00000,       -nan 
 850.00000,       -nan 
 851.00000,       -nan 
 852.00000,       -nan 
 853.00000,       -nan 
 854.00000,       -nan 
 855.00000,       -nan 
 856.00000,       -nan 
 857.00000,       -nan 
 858.00000,       -nan 
 859.00000,       -nan 
 860.00000,       -nan 
 861.00000,       -nan 
 862.00000,       -nan 
 863.00000,       -nan 
 864.00000,       -nan 
 865.00000,       -nan 
 866.00000,       -nan 
 867.00000,       -nan 
 868.00000,       -nan 
 869.00000,       -nan 
 870.00000,       -nan 
 871.00000,       -nan 
 872.00000,       -nan 
 873.00000,       -nan 
 874.00000,       -nan 
 875.00000,       -nan 
 876.00000,       -nan 
 877.00000,       -nan 
 878.00000,       -nan 
 879.00000,       -nan 
 880.00000,       -nan 
 881.00000,       -nan 
 882.00000,       -nan 
 883.00000,       -nan 
 884.00000,       -nan 
 885.00000,       -nan 
 886.00000,       -nan 
 887.00000,       -nan 
 888.00000,       -nan 
 889.00000,       -nan 
 890.00000,       -nan 
 891.00000,       -nan 
 892.00000,       -nan 
 893.00000,       -nan 
 894.00000,       -nan 
 895.00000,       -nan 
 896.00000,       -nan 
 897.00000,       -nan 
 898.00000,       -nan 
 899.00000,       -nan 
 900.00000,       -nan 
 901.00000,       -nan 
 902.00000,       -nan 
 903.00000,       -nan 
 904.00000,       -nan 
 905.00000,       -nan 
 906.00000,       -nan 
 907.00000,       -nan 
 908.00000,       -nan 
 909.00000,       -nan 
 910.00000,       -nan 
 911.00000,       -nan 
 912.00000,       -nan 
 913.00000,       -nan 
 914.00000,       -nan 
 915.00000,       -nan 
 916.00000,       -nan 
 917.00000,       -nan 
 918.00000,       -nan 
 919.00000,       -nan 
 920.00000,       -nan 
 921.00000,       -nan 
 922.00000,       -nan 
 923.00000,       -nan 
 924.00000,       -nan 
 925.00000,       -nan 
 926.00000,       -nan 
 927.00000,       -nan 
 928.00000,       -nan 
 929.00000,       -nan 
 930.00000,       -nan 
 931.00000,       -nan 
 932.00000,       -nan 
 933.00000,       -nan 
 934.00000,       -nan 
 935.00000,       -nan 
 936.00000,       -nan 
 937.00000,       -nan 
 938.00000,       -nan 
 939.00000,       -nan 
 940.00000,       -nan 
 941.00000,       -nan 
 942.00000,       -nan 
 943.00000,       -nan 
 944.00000,       -nan 
 945.00000,       -nan 
 946.00000,       -nan 
 947.00000,       -nan 
 948.00000,       -nan 
 949.00000,       -nan 
 950.00000,       -nan 
 951.00000,       -nan 
 952.00000,       -nan 
 953.00000,       -nan 
 954.00000,       -nan 
 955.00000,       -nan 
 956.00000,       -nan 
 957.00000,       -nan 
 958.00000,       -nan 
 959.00000,       -nan 
 960.00000,       -nan 
 961.00000,       -nan 
 962.00000,       -nan 
 963.00000,       -nan 
 964.00000,       -nan 
 965.00000,       -nan 
 966.00000,       -nan 
 967.00000,       -nan 
 968.00000,       -nan 
 969.00000,       -nan 
 970.00000,       -nan 
 971.00000,       -nan 
 972.00000,       -nan 
 973.00000,       -nan 
 974.00000,       -nan 
 975.00000,       -nan 
 976.00000,       -nan 
 977.00000,       -nan 
 978.00000,       -nan 
 979.00000,       -nan 
 980.00000,       -nan 
 981.00000,       -nan 
 982.00000,       -nan 
 983.00000,       -nan 
 984.00000,       -nan 
 985.00000,       -nan 
 986.00000,       -nan 
 987.00000,       -nan 
 988.00000,       -nan 
 989.00000,       -nan 
 990.00000,       -nan 
 991.00000,       -nan 
 992.00000,       -nan 
 993.00000,       -nan 
 994.00000,       -nan 
 995.00000,       -nan 
 996.00000,       -nan 
 997.00000,       -nan 
 998.00000,       -nan 
 999.00000,       -nan 
1000.00000,       -nan 
1001.00000,       -nan 
1002.00000,       -nan 
1003.00000,       -nan 
1004.00000,       -nan 
1005.00000,       -nan 
1006.00000,       -nan 
1007.00000,       -nan 
1008.00000,       -nan 
1009.00000,       -nan 
1010.00000,       -nan 
1011.00000,       -nan 
1012.00000,       -nan 
1013.00000,       -nan 
1014.00000,       -nan 
1015.00000,       -nan 
1016.00000,       -nan 
1017.00000,       -nan 
1018.00000,       -nan 
1019.00000,       -nan 
1020.00000,       -nan 
1021.00000,       -nan 
1022.00000,       -nan 
1023.00000,       -nan 
1024.00000,       -nan 
1025.00000,       -nan 
1026.00000,       -nan 
1027.00000,       -nan 
1028.00000,       -nan 
1029.00000,       -nan 
1030.00000,       -nan 
1031.00000,       -nan 
1032.00000,       -nan 
1033.00000,       -nan 
1034.00000,       -nan 
1035.00000,       -nan 
1036.00000,       -nan 
1037.00000,       -nan 
1038.00000,       -nan 
1039.00000,       -nan 
1040.00000,       -nan 
1041.00000,       -nan 
1042.00000,       -nan 
1043.00000,       -nan 
1044.00000,       -nan 
1045.00000,       -nan 
1046.00000,       -nan 
1047.00000,       -nan 
1048.00000,       -nan 
1049.00000,       -nan 
1050.00000,       -nan 
1051.00000,       -nan 
1052.00000,       -nan 
1053.00000,       -nan 
1054.00000,       -nan 
1055.00000,       -nan 
1056.00000,       -nan 
1057.00000,       -nan 
1058.00000,       -nan 
1059.00000,       -nan 
1060.00000,       -nan 
1061.00000,       -nan 
1062.00000,       -nan 
1063.00000,       -nan 
1064.00000,       -nan 
1065.00000,       -nan 
1066.00000,       -nan 
1067.00000,       -nan 
1068.00000,       -nan 
1069.00000,       -nan 
1070.00000,       -nan 
1071.00000,       -nan 
1072.00000,       -nan 
1073.00000,       -nan 
1074.00000,       -nan 
1075.00000,       -nan 
1076.00000,       -nan 
1077.00000,       -nan 
1078.00000,       -nan 
1079.00000,       -nan 
1080.00000,       -nan 
1081.00000,       -nan 
1082.00000,       -nan 
1083.00000,       -nan 
1084.00000,       -nan 
1085.00000,       -nan 
1086.00000,       -nan 
1087.00000,       -nan 
1088.00000,       -nan 
1089.00000,       -nan 
1090.00000,       -nan 
1091.00000,       -nan 
1092.00000,       -nan 
1093.00000,       -nan 
1094.00000,       -nan 
1095.00000,       -nan 
1096.00000,       -nan 
1097.00000,       -nan 
1098.00000,       -nan 
1099.00000,       -nan 
1100.00000,       -nan 
1101.00000,       -nan 
1102.00000,       -nan 
1103.00000,       -nan 
1104.00000,       -nan 
1105.00000,       -nan 
1106.00000,       -nan 
1107.00000,       -nan 
1108.00000,       -nan 
1109.00000,       -nan 
1110.00000,       -nan 
1111.00000,       -nan 
1112.00000,       -nan 
1113.00000,       -nan 
1114.00000,       -nan 
1115.00000,       -nan 
1116.00000,       -nan 
1117.00000,       -nan 
1118.00000,       -nan 
1119.00000,       -nan 
1120.00000,       -nan 
1121.00000,       -nan 
1122.00000,       -nan 
1123.00000,       -nan 
1124.00000,       -nan 
1125.00000,       -nan 
1126.00000,       -nan 
1127.00000,       -nan 
1128.00000,       -nan 
1129.00000,       -nan 
1130.00000,       -nan 
1131.00000,       -nan 
1132.00000,       -nan 
1133.00000,       -nan 
1134.00000,       -nan 
1135.00000,       -nan 
1136.00000,       -nan 
1137.00000,       -nan 
1138.00000,       -nan 
1139.00000,       -nan 
1140.00000,       -nan 
1141.00000,       -nan 
1142.00000,       -nan 
1143.00000,       -nan 
1144.00000,       -nan 
1145.00000,       -nan 
1146.00000,       -nan 
1147.00000,       -nan 
1148.00000,       -nan 
1149.00000,       -nan 
1150.00000,       -nan 
1151.00000,       -nan 
1152.00000,       -nan 
1153.00000,       -nan 
1154.00000,       -nan 
1155.00000,       -nan 
1156.00000,       -nan 
1157.00000,       -nan 
1158.00000,       -nan 
1159.00000,       -nan 
1160.00000,       -nan 
1161.00000,       -nan 
1162.00000,       -nan 
1163.00000,       -nan 
1164.00000,       -nan 
1165.00000,       -nan 
1166.00000,       -nan 
1167.00000,       -nan 
1168.00000,       -nan 
1169.00000,       -nan 
1170.00000,       -nan 
1171.00000,       -nan 
1172.00000,       -nan 
1173.00000,       -nan 
1174.00000,       -nan 
1175.00000,       -nan 
1176.00000,       -nan 
1177.00000,       -nan 
1178.00000,       -nan 
1179.00000,       -nan 
1180.00000,       -nan 
1181.00000,       -nan 
1182.00000,       -nan 
1183.00000,       -nan 
1184.00000,       -nan 
1185.00000,       -nan 
1186.00000,       -nan 
1187.00000,       -nan 
1188.00000,       -nan 
1189.00000,       -nan 
1190.00000,       -nan 
1191.00000,       -nan 
1192.00000,       -nan 
1193.00000,       -nan 
1194.00000,       -nan 
1195.00000,       -nan 
1196.00000,       -nan 
1197.00000,       -nan 
1198.00000,       -nan 
1199.00000,       -nan 
1200.00000,       -nan 
1201.00000,       -nan 
1202.00000,       -nan 
1203.00000,       -nan 
1204.00000,       -nan 
1205.00000,       -nan 
1206.00000,       -nan 
1207.00000,       -nan 
1208.00000,       -nan 
1209.00000,       -nan 
1210.00000,       -nan 
1211.00000,       -nan 
1212.00000,       -nan 
1213.00000,       -nan 
1214.00000,       -nan 
1215.00000,       -nan 
1216.00000,       -nan 
1217.00000,       -nan 
1218.00000,       -nan 
1219.00000,       -nan 
1220.00000,       -nan 
1221.00000,       -nan 
1222.00000,       -nan 
1223.00000,       -nan 
1224.00000,       -nan 
1225.00000,       -nan 
1226.00000,       -nan 
1227.00000,       -nan 
1228.00000,       -nan 
1229.00000,       -nan 
1230.00000,       -nan 
1231.00000,       -nan 
1232.00000,       -nan 
1233.00000,       -nan 
1234.00000,       -nan 
1235.00000,       -nan 
1236.00000,       -nan 
1237.00000,       -nan 
1238.00000,       -nan 
1239.00000,       -nan 
1240.00000,       -nan 
1241.00000,       -nan 
1242.00000,       -nan 
1243.00000,       -nan 
1244.00000,       -nan 
1245.00000,       -nan 
1246.00000,       -nan 
1247.00000,       -nan 
1248.00000,       -nan 
1249.00000,       -nan 
1250.00000,       -nan 
1251.00000,       -nan 
1252.00000,       -nan 
1253.00000,       -nan 
1254.00000,       -nan 
1255.00000,       -nan 
1256.00000,       -nan 
1257.00000,       -nan 
1258.00000,       -nan 
1259.00000,       -nan 
1260.00000,       -nan 
1261.00000,       -nan 
1262.00000,       -nan 
1263.00000,       -nan 
1264.00000,       -nan 
1265.00000,       -nan 
1266.00000,       -nan 
1267.00000,       -nan 
1268.00000,       -nan 
1269.00000,       -nan 
1270.00000,       -nan 
1271.00000,       -nan 
1272.00000,       -nan 
1273.00000,       -nan 
1274.00000,       -nan 
1275.00000,       -nan 
1276.00000,       -nan 
1277.00000,       -nan 
1278.00000,       -nan 
1279.00000,       -nan 
1280.00000,       -nan 
1281.00000,       -nan 
1282.00000,       -nan 
1283.00000,       -nan 
1284.00000,       -nan 
1285.00000,       -nan 
1286.00000,       -nan 
1287.00000,       -nan 
1288.00000,       -nan 
1289.00000,       -nan 
1290.00000,       -nan 
1291.00000,       -nan 
1292.00000,       -nan 
1293.00000,       -nan 
1294.00000,       -nan 
1295.00000,       -nan 
1296.00000,       -nan 
1297.00000,       -nan 
1298.00000,       -nan 
1299.00000,       -nan 
1300.00000,       -nan 
1301.00000,       -nan 
1302.00000,       -nan 
1303.00000,       -nan 
1304.00000,       -nan 
1305.00000,       -nan 
1306.00000,       -nan 
1307.00000,       -nan 
1308.00000,       -nan 
1309.00000,       -nan 
1310.00000,       -nan 
1311.00000,       -nan 
1312.00000,       -nan 
1313.00000,       -nan 
1314.00000,       -nan 
1315.00000,       -nan 
1316.00000,       -nan 
1317.00000,       -nan 
1318.00000,       -nan 
1319.00000,       -nan 
1320.00000,       -nan 
1321.00000,       -nan 
1322.00000,       -nan 
1323.00000,       -nan 
1324.00000,       -nan 
1325.00000,       -nan 
1326.00000,       -nan 
1327.00000,       -nan 
1328.00000,       -nan 
1329.00000,       -nan 
1330.00000,       -nan 
1331.00000,       -nan 
1332.00000,       -nan 
1333.00000,       -nan 
1334.00000,       -nan 
1335.00000,       -nan 
1336.00000,       -nan 
1337.00000,       -nan 
1338.00000,       -nan 
1339.00000,       -nan 
1340.00000,       -nan 
1341.00000,       -nan 
1342.00000,       -nan 
1343.00000,       -nan 
1344.00000,       -nan 
1345.00000,       -nan 
1346.00000,       -nan 
1347.00000,       -nan 
1348.00000,       -nan 
1349.00000,       -nan 
1350.00000,       -nan 
1351.00000,       -nan 
1352.00000,       -nan 
1353.00000,       -nan 
1354.00000,       -nan 
1355.00000,       -nan 
1356.00000,       -nan 
1357.00000,       -nan 
1358.00000,       -nan 
1359.00000,       -nan 
1360.00000,       -nan 
1361.00000,       -nan 
1362.00000,       -nan 
1363.00000,       -nan 
1364.00000,       -nan 
1365.00000,       -nan 
1366.00000,       -nan 
1367.00000,       -nan 
1368.00000,       -nan 
1369.00000,       -nan 
1370.00000,       -nan 
1371.00000,       -nan 
1372.00000,       -nan 
1373.00000,       -nan 
1374.00000,       -nan 
1375.00000,       -nan 
1376.00000,       -nan 
1377.00000,       -nan 
1378.00000,       -nan 
1379.00000,       -nan 
1380.00000,       -nan 
1381.00000,       -nan 
1382.00000,       -nan 
1383.00000,       -nan 
1384.00000,       -nan 
1385.00000,       -nan 
1386.00000,       -nan 
1387.00000,       -nan 
1388.00000,       -nan 
1389.00000,       -nan 
1390.00000,       -nan 
1391.00000,       -nan 
1392.00000,       -nan 
1393.00000,       -nan 
1394.00000,       -nan 
1395.00000,       -nan 
1396.00000,       -nan 
1397.00000,       -nan 
1398.00000,       -nan 
1399.00000,       -nan 
1400.00000,       -nan 
1401.00000,       -nan 
1402.00000,       -nan 
1403.00000,       -nan 
1404.00000,       -nan 
1405.00000,       -nan 
1406.00000,       -nan 
1407.00000,       -nan 
1408.00000,       -nan 
1409.00000,       -nan 
1410.00000,       -nan 
1411.00000,       -nan 
1412.00000,       -nan 
1413.00000,       -nan 
1414.00000,       -nan 
1415.00000,       -nan 
1416.00000,       -nan 
1417.00000,       -nan 
1418.00000,       -nan 
1419.00000,       -nan 
1420.00000,       -nan 
1421.00000,       -nan 
1422.00000,       -nan 
1423.00000,       -nan 
1424.00000,       -nan 
1425.00000,       -nan 
1426.00000,       -nan 
1427.00000,       -nan 
1428.00000,       -nan 
1429.00000,       -nan 
1430.00000,       -nan 
1431.00000,       -nan 
1432.00000,       -nan 
1433.00000,       -nan 
1434.00000,       -nan 
1435.00000,       -nan 
1436.00000,       -nan 
1437.00000,       -nan 
1438.00000,       -nan 
1439.00000,       -nan 
1440.00000,       -nan 
1441.00000,       -nan 
1442.00000,       -nan 
1443.00000,       -nan 
1444.00000,       -nan 
1445.00000,       -nan 
1446.00000,       -nan 
1447.00000,       -nan 
1448.00000,       -nan 
1449.00000,       -nan 
1450.00000,       -nan 
1451.00000,       -nan 
1452.00000,       -nan 
1453.00000,       -nan 
1454.00000,       -nan 
1455.00000,       -nan 
1456.00000,       -nan 
1457.00000,       -nan 
1458.00000,       -nan 
1459.00000,       -nan 
1460.00000,       -nan 
1461.00000,       -nan 
1462.00000,       -nan 
1463.00000,       -nan 
1464.00000,       -nan 
1465.00000,       -nan 
1466.00000,       -nan 
1467.00000,       -nan 
1468.00000,       -nan 
1469.00000,       -nan 
1470.00000,       -nan 
1471.00000,       -nan 
1472.00000,       -nan 
1473.00000,       -nan 
1474.00000,       -nan 
1475.00000,       -nan 
1476.00000,       -nan 
1477.00000,       -nan 
1478.00000,       -nan 
1479.00000,       -nan 
1480.00000,       -nan 
1481.00000,       -nan 
1482.00000,       -nan 
1483.00000,       -nan 
1484.00000,       -nan 
1485.00000,       -nan 
1486.00000,       -nan 
1487.00000,       -nan 
1488.00000,       -nan 
1489.00000,       -nan 
1490.00000,       -nan 
1491.00000,       -nan 
1492.00000,       -nan 
1493.00000,       -nan 
1494.00000,       -nan 
1495.00000,       -nan 
1496.00000,       -nan 
1497.00000,       -nan 
1498.00000,       -nan 
1499.00000,       -nan 
1500.00000,       -nan 
1501.00000,       -nan 
1502.00000,       -nan 
1503.00000,       -nan 
1504.00000,       -nan 
1505.00000,       -nan 
1506.00000,       -nan 
1507.00000,       -nan 
1508.00000,       -nan 
1509.00000,       -nan 
1510.00000,       -nan 
1511.00000,       -nan 
1512.00000,       -nan 
1513.00000,       -nan 
1514.00000,       -nan 
1515.00000,       -nan 
1516.00000,       -nan 
1517.00000,       -nan 
1518.00000,       -nan 
1519.00000,       -nan 
1520.00000,       -nan 
1521.00000,       -nan 
1522.00000,       -nan 
1523.00000,       -nan 
1524.00000,       -nan 
1525.00000,       -nan 
1526.00000,       -nan 
1527.00000,       -nan 
1528.00000,       -nan 
1529.00000,       -nan 
1530.00000,       -nan 
1531.00000,       -nan 
1532.00000,       -nan 
1533.00000,       -nan 
1534.00000,       -nan 
1535.00000,       -nan 
1536.00000,       -nan 
1537.00000,       -nan 
1538.00000,       -nan 
1539.00000,       -nan 
1540.00000,       -nan 
1541.00000,       -nan 
1542.00000,       -nan 
1543.00000,       -nan 
1544.00000,       -nan 
1545.00000,       -nan 
1546.00000,       -nan 
1547.00000,       -nan 
1548.00000,       -nan 
1549.00000,       -nan 
1550.00000,       -nan 
1551.00000,       -nan 
1552.00000,       -nan 
1553.00000,       -nan 
1554.00000,       -nan 
1555.00000,       -nan 
1556.00000,       -nan 
1557.00000,       -nan 
1558.00000,       -nan 
1559.00000,       -nan 
1560.00000,       -nan 
1561.00000,       -nan 
1562.00000,       -nan 
1563.00000,       -nan 
1564.00000,       -nan 
1565.00000,       -nan 
1566.00000,       -nan 
1567.00000,       -nan 
1568.00000,       -nan 
1569.00000,       -nan 
1570.00000,       -nan 
1571.00000,       -nan 
1572.00000,       -nan 
1573.00000,       -nan 
1574.00000,       -nan 
1575.00000,       -nan 
1576.00000,       -nan 
1577.00000,       -nan 
1578.00000,       -nan 
1579.00000,       -nan 
1580.00000,       -nan 
1581.00000,       -nan 
1582.00000,       -nan 
1583.00000,       -nan 
1584.00000,       -nan 
1585.00000,       -nan 
1586.00000,       -nan 
1587.00000,       -nan 
1588.00000,       -nan 
1589.00000,       -nan 
1590.00000,       -nan 
1591.00000,       -nan 
1592.00000,       -nan 
1593.00000,       -nan 
1594.00000,       -nan 
1595.00000,       -nan 
1596.00000,       -nan 
1597.00000,       -nan 
1598.00000,       -nan 
1599.00000,       -nan 
1600.00000,       -nan 
1601.00000,       -nan 
1602.00000,       -nan 
1603.00000,       -nan 
1604.00000,       -nan 
1605.00000,       -nan 
1606.00000,       -nan 
1607.00000,       -nan 
1608.00000,       -nan 
1609.00000,       -nan 
1610.00000,       -nan 
1611.00000,       -nan 
1612.00000,       -nan 
1613.00000,       -nan 
1614.00000,       -nan 
1615.00000,       -nan 
1616.00000,       -nan 
1617.00000,       -nan 
1618.00000,       -nan 
1619.00000,       -nan 
1620.00000,       -nan 
1621.00000,       -nan 
1622.00000,       -nan 
1623.00000,       -nan 
1624.00000,       -nan 
1625.00000,       -nan 
1626.00000,       -nan 
1627.00000,       -nan 
1628.00000,       -nan 
1629.00000,       -nan 
1630.00000,       -nan 
1631.00000,       -nan 
1632.00000,       -nan 
1633.00000,       -nan 
1634.00000,       -nan 
1635.00000,       -nan 
1636.00000,       -nan 
1637.00000,       -nan 
1638.00000,       -nan 
1639.00000,       -nan 
1640.00000,       -nan 
1641.00000,       -nan 
1642.00000,       -nan 
1643.00000,       -nan 
1644.00000,       -nan 
1645.00000,       -nan 
1646.00000,       -nan 
1647.00000,       -nan 
1648.00000,       -nan 
1649.00000,       -nan 
1650.00000,       -nan 
1651.00000,       -nan 
1652.00000,       -nan 
1653.00000,       -nan 
1654.00000,       -nan 
1655.00000,       -nan 
1656.00000,       -nan 
1657.00000,       -nan 
1658.00000,       -nan 
1659.00000,       -nan 
1660.00000,       -nan 
1661.00000,       -nan 
1662.00000,       -nan 
1663.00000,       -nan 
1664.00000,       -nan 
1665.00000,       -nan 
1666.00000,       -nan 
1667.00000,       -nan 
1668.00000,       -nan 
1669.00000,       -nan 
1670.00000,       -nan 
1671.00000,       -nan 
1672.00000,       -nan 
1673.00000,       -nan 
1674.00000,       -nan 
1675.00000,       -nan 
1676.00000,       -nan 
1677.00000,       -nan 
1678.00000,       -nan 
1679.00000,       -nan 
1680.00000,       -nan 
1681.00000,       -nan 
1682.00000,       -nan 
1683.00000,       -nan 
1684.00000,       -nan 
1685.00000,       -nan 
1686.00000,       -nan 
1687.00000,       -nan 
1688.00000,       -nan 
1689.00000,       -nan 
1690.00000,       -nan 
1691.00000,       -nan 
1692.00000,       -nan 
1693.00000,       -nan 
1694.00000,       -nan 
1695.00000,       -nan 
1696.00000,       -nan 
1697.00000,       -nan 
1698.00000,       -nan 
1699.00000,       -nan 
1700.00000,       -nan 
1701.00000,       -nan 
1702.00000,       -nan 
1703.00000,       -nan 
1704.00000,       -nan 
1705.00000,       -nan 
1706.00000,       -nan 
1707.00000,       -nan 
1708.00000,       -nan 
1709.00000,       -nan 
1710.00000,       -nan 
1711.00000,       -nan 
1712.00000,       -nan 
1713.00000,       -nan 
1714.00000,       -nan 
1715.00000,       -nan 
1716.00000,       -nan 
1717.00000,       -nan 
1718.00000,       -nan 
1719.00000,       -nan 
1720.00000,       -nan 
1721.00000,       -nan 
1722.00000,       -nan 
1723.00000,       -nan 
1724.00000,       -nan 
1725.00000,       -nan 
1726.00000,       -nan 
1727.00000,       -nan 
1728.00000,       -nan 
1729.00000,       -nan 
1730.00000,       -nan 
1731.00000,       -nan 
1732.00000,       -nan 
1733.00000,       -nan 
1734.00000,       -nan 
1735.00000,       -nan 
1736.00000,       -nan 
1737.00000,       -nan 
1738.00000,       -nan 
1739.00000,       -nan 
1740.00000,       -nan 
1741.00000,       -nan 
1742.00000,       -nan 
1743.00000,       -nan 
1744.00000,       -nan 
1745.00000,       -nan 
1746.00000,       -nan 
1747.00000,       -nan 
1748.00000,       -nan 
1749.00000,       -nan 
1750.00000,       -nan 
1751.00000,       -nan 
1752.00000,       -nan 
1753.00000,       -nan 
1754.00000,       -nan 
1755.00000,       -nan 
1756.00000,       -nan 
1757.00000,       -nan 
1758.00000,       -nan 
1759.00000,       -nan 
1760.00000,       -nan 
1761.00000,       -nan 
1762.00000,       -nan 
1763.00000,       -nan 
1764.00000,       -nan 
1765.00000,       -nan 
1766.00000,       -nan 
1767.00000,       -nan 
1768.00000,       -nan 
1769.00000,       -nan 
1770.00000,       -nan 
1771.00000,       -nan 
1772.00000,       -nan 
1773.00000,       -nan 
1774.00000,       -nan 
1775.00000,       -nan 
1776.00000,       -nan 
1777.00000,       -nan 
1778.00000,       -nan 
1779.00000,       -nan 
1780.00000,       -nan 
1781.00000,       -nan 
1782.00000,       -nan 
1783.00000,       -nan 
1784.00000,       -nan 
1785.00000,       -nan 
1786.00000,       -nan 
1787.00000,       -nan 
1788.00000,       -nan 
1789.00000,       -nan 
1790.00000,       -nan 
1791.00000,       -nan 
1792.00000,       -nan 
1793.00000,       -nan 
1794.00000,       -nan 
1795.00000,       -nan 
1796.00000,       -nan 
1797.00000,       -nan 
1798.00000,       -nan 
1799.00000,       -nan 
1800.00000,       -nan 
1801.00000,       -nan 
1802.00000,       -nan 
1803.00000,       -nan 
1804.00000,       -nan 
1805.00000,       -nan 
1806.00000,       -nan 
1807.00000,       -nan 
1808.00000,       -nan 
1809.00000,       -nan 
1810.00000,       -nan 
1811.00000,       -nan 
1812.00000,       -nan 
1813.00000,       -nan 
1814.00000,       -nan 
1815.00000,       -nan 
1816.00000,       -nan 
1817.00000,       -nan 
1818.00000,       -nan 
1819.00000,       -nan 
1820.00000,       -nan 
1821.00000,       -nan 
1822.00000,       -nan 
1823.00000,       -nan 
1824.00000,       -nan 
1825.00000,       -nan 
1826.00000,       -nan 
1827.00000,       -nan 
1828.00000,       -nan 
1829.00000,       -nan 
1830.00000,       -nan 
1831.00000,       -nan 
1832.00000,       -nan 
1833.00000,       -nan 
1834.00000,       -nan 
1835.00000,       -nan 
1836.00000,       -nan 
1837.00000,       -nan 
1838.00000,       -nan 
1839.00000,       -nan 
1840.00000,       -nan 
1841.00000,       -nan 
1842.00000,       -nan 
1843.00000,       -nan 
1844.00000,       -nan 
1845.00000,       -nan 
1846.00000,       -nan 
1847.00000,       -nan 
1848.00000,       -nan 
1849.00000,       -nan 
1850.00000,       -nan 
1851.00000,       -nan 
1852.00000,       -nan 
1853.00000,       -nan 
1854.00000,       -nan 
1855.00000,       -nan 
1856.00000,       -nan 
1857.00000,       -nan 
1858.00000,       -nan 
1859.00000,       -nan 
1860.00000,       -nan 
1861.00000,       -nan 
1862.00000,       -nan 
1863.00000,       -nan 
1864.00000,       -nan 
1865.00000,       -nan 
1866.00000,       -nan 
1867.00000,       -nan 
1868.00000,       -nan 
1869.00000,       -nan 
1870.00000,       -nan 
1871.00000,       -nan 
1872.00000,       -nan 
1873.00000,       -nan 
1874.00000,       -nan 
1875.00000,       -nan 
1876.00000,       -nan 
1877.00000,       -nan 
1878.00000,       -nan 
1879.00000,       -nan 
1880.00000,       -nan 
1881.00000,       -nan 
1882.00000,       -nan 
1883.00000,       -nan 
1884.00000,       -nan 
1885.00000,       -nan 
1886.00000,       -nan 
1887.00000,       -nan 
1888.00000,       -nan 
1889.00000,       -nan 
1890.00000,       -nan 
1891.00000,       -nan 
1892.00000,       -nan 
1893.00000,       -nan 
1894.00000,       -nan 
1895.00000,       -nan 
1896.00000,       -nan 
1897.00000,       -nan 
1898.00000,       -nan 
1899.00000,       -nan 
1900.00000,       -nan 
1901.00000,       -nan 
1902.00000,       -nan 
1903.00000,       -nan 
1904.00000,       -nan 
1905.00000,       -nan 
1906.00000,       -nan 
1907.00000,       -nan 
1908.00000,       -nan 
1909.00000,       -nan 
1910.00000,       -nan 
1911.00000,       -nan 
1912.00000,       -nan 
1913.00000,       -nan 
1914.00000,       -nan 
1915.00000,       -nan 
1916.00000,       -nan 
1917.00000,       -nan 
1918.00000,       -nan 
1919.00000,       -nan 
1920.00000,       -nan 
1921.00000,       -nan 
1922.00000,       -nan 
1923.00000,       -nan 
1924.00000,       -nan 
1925.00000,       -nan 
1926.00000,       -nan 
1927.00000,       -nan 
1928.00000,       -nan 
1929.00000,       -nan 
1930.00000,       -nan 
1931.00000,       -nan 
1932.00000,       -nan 
1933.00000,       -nan 
1934.00000,       -nan 
1935.00000,       -nan 
1936.00000,       -nan 
1937.00000,       -nan 
1938.00000,       -nan 
1939.00000,       -nan 
1940.00000,       -nan 
1941.00000,       -nan 
1942.00000,       -nan 
1943.00000,       -nan 
1944.00000,       -nan 
1945.00000,       -nan 
1946.00000,       -nan 
1947.00000,       -nan 
1948.00000,       -nan 
1949.00000,       -nan 
1950.00000,       -nan 
1951.00000,       -nan 
1952.00000,       -nan 
1953.00000,       -nan 
1954.00000,       -nan 
1955.00000,       -nan 
1956.00000,       -nan 
1957.00000,       -nan 
1958.00000,       -nan 
1959.00000,       -nan 
1960.00000,       -nan 
1961.00000,       -nan 
1962.00000,       -nan 
1963.00000,       -nan 
1964.00000,       -nan 
1965.00000,       -nan 
1966.00000,       -nan 
1967.00000,       -nan 
1968.00000,       -nan 
1969.00000,       -nan 
1970.00000,       -nan 
1971.00000,       -nan 
1972.00000,       -nan 
1973.00000,       -nan 
1974.00000,       -nan 
1975.00000,       -nan 
1976.00000,       -nan 
1977.00000,       -nan 
1978.00000,       -nan 
1979.00000,       -nan 
1980.00000,       -nan 
1981.00000,       -nan 
1982.00000,       -nan 
1983.00000,       -nan 
1984.00000,       -nan 
1985.00000,       -nan 
1986.00000,       -nan 
1987.00000,       -nan 
1988.00000,       -nan 
1989.00000,       -nan 
1990.00000,       -nan 
1991.00000,       -nan 
1992.00000,       -nan 
1993.00000,       -nan 
1994.00000,       -nan 
1995.00000,       -nan 
1996.00000,       -nan 
1997.00000,       -nan 
1998.00000,   -1.51523 
